{"cameraMode":{"drawMode":0,"name":"Shaded","section":"Shading Mode"},"sceneLighting":false,"audioPlay":false,"sceneViewState":{"showFog":true,"showMaterialUpdate":true,"showSkybox":false,"showFlares":true,"showImageEffects":true,"showParticleSystems":true},"in2DMode":false,"pivot":{"x":7.151363372802734,"y":5.337231636047363,"z":-7.1513671875},"rotation":{"x":-0.22281984984874726,"y":-0.7637917995452881,"z":0.5020801424980164,"w":-0.3389527201652527},"size":141.1101531982422,"orthographic":false}