{"cameraMode":{"drawMode":0,"name":"Shaded","section":"Shading Mode"},"sceneLighting":false,"audioPlay":false,"sceneViewState":{"showFog":true,"showMaterialUpdate":true,"showSkybox":false,"showFlares":true,"showImageEffects":true,"showParticleSystems":true},"in2DMode":false,"pivot":{"x":0.0000029802322387695314,"y":0.32615047693252566,"z":-0.015360474586486817},"rotation":{"x":0.11468467116355896,"y":0.6495146751403809,"z":-0.09998036921024323,"w":0.7449711561203003},"size":2.7534289360046388,"orthographic":false}