{"cameraMode":{"drawMode":0,"name":"Shaded","section":"Shading Mode"},"sceneLighting":true,"audioPlay":false,"sceneViewState":{"showFog":true,"showMaterialUpdate":true,"showSkybox":true,"showFlares":true,"showImageEffects":true,"showParticleSystems":true},"in2DMode":false,"pivot":{"x":160.6409912109375,"y":30.46489906311035,"z":19.31496810913086},"rotation":{"x":0.003884224919602275,"y":-0.9019719958305359,"z":-0.008116007782518864,"w":-0.4317008852958679},"size":22.102834701538087,"orthographic":false}