{"cameraMode":{"drawMode":0,"name":"Shaded","section":"Shading Mode"},"sceneLighting":true,"audioPlay":false,"sceneViewState":{"showFog":true,"showMaterialUpdate":true,"showSkybox":false,"showFlares":true,"showImageEffects":true,"showParticleSystems":true},"in2DMode":false,"pivot":{"x":-0.180658757686615,"y":2.5232813358306886,"z":-17.554655075073243},"rotation":{"x":0.0017661653691902757,"y":-0.9973897933959961,"z":0.06722251325845719,"w":0.026300186291337014},"size":45.69426727294922,"orthographic":false}