{"cameraMode":{"drawMode":0,"name":"Shaded","section":"Shading Mode"},"sceneLighting":false,"audioPlay":false,"sceneViewState":{"showFog":true,"showMaterialUpdate":true,"showSkybox":false,"showFlares":true,"showImageEffects":true,"showParticleSystems":true},"in2DMode":false,"pivot":{"x":84.40632629394531,"y":-33.04904556274414,"z":-23.165422439575197},"rotation":{"x":-0.1349271684885025,"y":-0.684331476688385,"z":0.13105341792106629,"w":-0.7044928073883057},"size":140.00933837890626,"orthographic":false}