{"cameraMode":{"drawMode":0,"name":"Shaded","section":"Shading Mode"},"sceneLighting":true,"audioPlay":false,"sceneViewState":{"showFog":true,"showMaterialUpdate":true,"showSkybox":false,"showFlares":true,"showImageEffects":true,"showParticleSystems":true},"in2DMode":false,"pivot":{"x":66.1007080078125,"y":-45.55500793457031,"z":-85.35581970214844},"rotation":{"x":-0.07618775218725205,"y":-0.9234716892242432,"z":0.2523954510688782,"w":-0.27873292565345766},"size":148.27316284179688,"orthographic":false}