{"cameraMode":{"drawMode":0,"name":"Shaded","section":"Shading Mode"},"sceneLighting":false,"audioPlay":false,"sceneViewState":{"showFog":true,"showMaterialUpdate":true,"showSkybox":false,"showFlares":true,"showImageEffects":true,"showParticleSystems":true},"in2DMode":false,"pivot":{"x":-0.00000762939453125,"y":5.280512809753418,"z":0.0},"rotation":{"x":-0.3208470642566681,"y":-0.0502888448536396,"z":0.017055312171578409,"w":-0.9456412196159363},"size":179.35972595214845,"orthographic":false}