{"cameraMode":{"drawMode":0,"name":"Shaded","section":"Shading Mode"},"sceneLighting":false,"audioPlay":false,"sceneViewState":{"showFog":true,"showMaterialUpdate":true,"showSkybox":false,"showFlares":true,"showImageEffects":true,"showParticleSystems":true},"in2DMode":false,"pivot":{"x":0.2312297821044922,"y":6.524531364440918,"z":0.09685039520263672},"rotation":{"x":-0.25087398290634158,"y":0.48163041472435,"z":-0.14613212645053864,"w":-0.8268856406211853},"size":101.00093078613281,"orthographic":false}