{"cameraMode":{"drawMode":0,"name":"Shaded","section":"Shading Mode"},"sceneLighting":false,"audioPlay":false,"sceneViewState":{"showFog":true,"showMaterialUpdate":true,"showSkybox":false,"showFlares":true,"showImageEffects":true,"showParticleSystems":true},"in2DMode":false,"pivot":{"x":1.279262900352478,"y":1.460896372795105,"z":0.3440172076225281},"rotation":{"x":0.0958540067076683,"y":-0.7576525211334229,"z":0.1143111065030098,"w":0.6353799700737},"size":2.5904150009155275,"orthographic":false}