{"cameraMode":{"drawMode":0,"name":"Shaded","section":"Shading Mode"},"sceneLighting":false,"audioPlay":false,"sceneViewState":{"showFog":true,"showMaterialUpdate":true,"showSkybox":false,"showFlares":true,"showImageEffects":true,"showParticleSystems":true},"in2DMode":false,"pivot":{"x":2.7621734142303469,"y":-20.042970657348634,"z":-28.750722885131837},"rotation":{"x":0.010137776844203473,"y":0.9583494067192078,"z":-0.28335538506507876,"w":0.03425505384802818},"size":55.34938430786133,"orthographic":false}