{"cameraMode":{"drawMode":0,"name":"Shaded","section":"Shading Mode"},"sceneLighting":false,"audioPlay":false,"sceneViewState":{"showFog":false,"showMaterialUpdate":false,"showSkybox":false,"showFlares":false,"showImageEffects":false,"showParticleSystems":true},"in2DMode":false,"pivot":{"x":20.784809112548829,"y":2.3431975841522219,"z":-0.007840156555175782},"rotation":{"x":-0.24394334852695466,"y":0.05012054368853569,"z":-0.01263361144810915,"w":-0.9684110283851624},"size":24.126039505004884,"orthographic":false}