{"cameraMode":{"drawMode":0,"name":"Shaded","section":"Shading Mode"},"sceneLighting":false,"audioPlay":false,"sceneViewState":{"showFog":true,"showMaterialUpdate":true,"showSkybox":false,"showFlares":true,"showImageEffects":true,"showParticleSystems":true},"in2DMode":false,"pivot":{"x":-0.008475005626678467,"y":0.26398926973342898,"z":0.003980010747909546},"rotation":{"x":0.11468467116355896,"y":0.6495146751403809,"z":-0.09998036921024323,"w":0.7449711561203003},"size":2.947791576385498,"orthographic":false}