{"cameraMode":{"drawMode":0,"name":"Shaded","section":"Shading Mode"},"sceneLighting":true,"audioPlay":false,"sceneViewState":{"showFog":true,"showMaterialUpdate":true,"showSkybox":false,"showFlares":true,"showImageEffects":true,"showParticleSystems":true},"in2DMode":false,"pivot":{"x":-7.5932183265686039,"y":-4.624764919281006,"z":-29.946504592895509},"rotation":{"x":0.015393366105854512,"y":-0.9845670461654663,"z":0.12731459736824037,"w":0.11908749490976334},"size":54.724178314208987,"orthographic":false}