{"cameraMode":{"drawMode":0,"name":"Shaded","section":"Shading Mode"},"sceneLighting":false,"audioPlay":false,"sceneViewState":{"showFog":true,"showMaterialUpdate":true,"showSkybox":false,"showFlares":true,"showImageEffects":true,"showParticleSystems":true},"in2DMode":false,"pivot":{"x":1.9827691316604615,"y":-7.4608659744262699,"z":-23.55416488647461},"rotation":{"x":-0.001686345087364316,"y":0.9750099182128906,"z":-0.22203050553798676,"w":-0.007443742826581001},"size":35.012569427490237,"orthographic":false}