{"cameraMode":{"drawMode":0,"name":"Shaded","section":"Shading Mode"},"sceneLighting":false,"audioPlay":false,"sceneViewState":{"showFog":true,"showMaterialUpdate":true,"showSkybox":false,"showFlares":true,"showImageEffects":true,"showParticleSystems":true},"in2DMode":false,"pivot":{"x":-41.618534088134769,"y":-42.13050079345703,"z":-44.89408493041992},"rotation":{"x":-0.0804494246840477,"y":0.9176071882247925,"z":-0.30457359552383425,"w":-0.24240440130233766},"size":111.85579681396485,"orthographic":false}