{"cameraMode":{"drawMode":0,"name":"Shaded","section":"Shading Mode"},"sceneLighting":false,"audioPlay":false,"sceneViewState":{"showFog":true,"showMaterialUpdate":true,"showSkybox":false,"showFlares":true,"showImageEffects":true,"showParticleSystems":true},"in2DMode":false,"pivot":{"x":0.00000667572021484375,"y":5.33723258972168,"z":-0.0000019073486328125},"rotation":{"x":0.2459515929222107,"y":-0.37338340282440188,"z":0.10336794704198837,"w":0.8884862065315247},"size":102.11845397949219,"orthographic":false}