{"cameraMode":{"drawMode":0,"name":"Shaded","section":"Shading Mode"},"sceneLighting":false,"audioPlay":false,"sceneViewState":{"showFog":true,"showMaterialUpdate":true,"showSkybox":false,"showFlares":true,"showImageEffects":true,"showParticleSystems":true},"in2DMode":false,"pivot":{"x":8.940696716308594e-8,"y":0.413281112909317,"z":-4.172325134277344e-7},"rotation":{"x":0.06714226305484772,"y":-0.626334011554718,"z":0.05428684875369072,"w":0.7747583985328674},"size":2.932649612426758,"orthographic":false}