{"cameraMode":{"drawMode":0,"name":"Shaded","section":"Shading Mode"},"sceneLighting":false,"audioPlay":false,"sceneViewState":{"showFog":true,"showMaterialUpdate":true,"showSkybox":false,"showFlares":true,"showImageEffects":true,"showParticleSystems":true},"in2DMode":false,"pivot":{"x":0.0000019073486328125,"y":0.43852996826171877,"z":-0.000009059906005859375},"rotation":{"x":0.275460422039032,"y":0.6947348713874817,"z":-0.33275145292282107,"w":0.5751012563705444},"size":55.34247589111328,"orthographic":false}