{"cameraMode":{"drawMode":0,"name":"Shaded","section":"Shading Mode"},"sceneLighting":true,"audioPlay":false,"sceneViewState":{"showFog":true,"showMaterialUpdate":true,"showSkybox":false,"showFlares":true,"showImageEffects":true,"showParticleSystems":true},"in2DMode":false,"pivot":{"x":3.291468620300293,"y":-46.23393249511719,"z":-49.99385070800781},"rotation":{"x":0.02372286282479763,"y":-0.9055147171020508,"z":0.42055878043174746,"w":0.0510932058095932},"size":117.1012954711914,"orthographic":false}