{"cameraMode":{"drawMode":0,"name":"Shaded","section":"Shading Mode"},"sceneLighting":false,"audioPlay":false,"sceneViewState":{"showFog":true,"showMaterialUpdate":true,"showSkybox":false,"showFlares":true,"showImageEffects":true,"showParticleSystems":true},"in2DMode":false,"pivot":{"x":0.0,"y":5.33723258972168,"z":-0.0000019073486328125},"rotation":{"x":0.3641446530818939,"y":-0.581529438495636,"z":0.3255012333393097,"w":0.6505929827690125},"size":103.55530548095703,"orthographic":false}